hidden_size,seq_length,num_layers,epochs,batch_size,learning_rate,output_dropout,NSE,MSE,RMSE,KGE,Alpha-NSE,Beta-KGE,Beta-NSE,Pearson-r,FHV,FMS,FLV,Peak-Timing,Peak-MAPE,model_type
128,120,1,48,128,"{0: 0.01, 24: 0.005, 36: 0.001}",0.4,0.8726206123828888,62453.30078125,249.90658410944278,0.8998945622035471,1.0107297313906138,1.0776087045669556,0.03608093802123126,0.937687396811369,1.0087535716593266,-4.390803849590239,45.73814443480024,0.2,33.708927631378174,no_physics
64,90,1,48,256,"{0: 0.01, 24: 0.005, 36: 0.001}",0.4,0.8811685740947723,58262.2890625,241.37582534814874,0.81051465508835,1.1456051937569272,1.113978385925293,0.052989543885738045,0.9586146036727974,18.55357438325882,-0.6897316476730223,-546.991556904414,0.0,12.919644117355347,physics
