hidden_size,seq_length,num_layers,epochs,output_dropout,NSE,MSE,RMSE,KGE,Alpha-NSE,Beta-KGE,Beta-NSE,Pearson-r,FHV,FMS,FLV,Peak-Timing,Peak-MAPE,model_type
128,168,1,16,0.4,0.599522918462753,254137.578125,504.120598790607,0.720301853971068,0.832225954475937,0.993233323097229,-0.00276523555453466,0.776310182117726,-17.0654296875,23.2147128640791,-2731.70147710751,,69.3505839297646,no_physics
128,168,1,16,0.4,0.605741232633591,250191.515625,500.191478960808,0.709853280674925,0.90829280282532,1.17859745025635,0.0729845657547363,0.790529573726028,-4.46375906467438,37.7885862694094,-2639.80338881102,,67.5407208894428,physics