hidden_size,seq_length_1D,seq_length_1H,num_layers,epochs,batch_size,learning_rate,output_dropout,NSE_1D,NSE_1H,model_type
64,120,168,1,32,64,"{0: 0.01, 16: 0.005, 24: 0.001}",0.4,0.8747679591178894,0.7539497464895248,no_physics
64,120,168,1,48,64,"{0: 0.01, 24: 0.005, 36: 0.001}",0.4,0.8736967295408249,0.7828339785337448,physics
