hidden_size,seq_length,num_layers,epochs,output_dropout,NSE,MSE,RMSE,KGE,Alpha-NSE,Beta-KGE,Beta-NSE,Pearson-r,FHV,FMS,FLV,Peak-Timing,Peak-MAPE,model_type
64.0,180.0,2.0,32.0,0.4,0.8533459007740021,71907.234375,268.15524304961855,0.9236647397662198,0.9834384380287904,0.9962158799171448,-0.001758940857765537,0.9255791221818013,2.342011220753193,-10.957793786607796,-2779.9073132018657,0.2,30.120100975036625,no_physics
64.0,180.0,1.0,32.0,0.4,0.8706253618001938,63434.7890625,251.86263927486348,0.8713045952020555,1.0827306690617213,1.0811811685562134,0.03773453089549828,0.9440736065479418,13.48578929901123,5.385320861566618,-185.0349697647172,0.0,14.816201925277712,physics
