hidden_size,seq_length,num_layers,epochs,batch_size,learning_rate,output_dropout,NSE,MSE,RMSE,KGE,Alpha-NSE,Beta-KGE,Beta-NSE,Pearson-r,FHV,FMS,FLV,Peak-Timing,Peak-MAPE,model_type
256,168,1,48,256,"{0: 0.01, 24: 0.005, 36: 0.001}",0.4,0.8045853525400162,124008.3125,352.14813999224816,0.8939542017428552,1.0289019320719281,1.0386310815811157,0.015786387170762892,0.9055646825261974,2.518407627940178,0.6665443317809263,-11.519750279071296,,44.11318929571855,no_physics
64,336,1,32,64,"{0: 0.01, 16: 0.005, 24: 0.001}",0.4,0.8474292755126953,96819.9609375,311.15906051005487,0.9076842747425621,1.0188994710875712,1.0511629581451416,0.020907487215446767,0.9255194331637083,3.6168351769447327,-5.279409770010371,-2802.5245708519583,,43.6287428203382,physics
