hidden_size,seq_length,num_layers,epochs,batch_size,schedule_pairs,NSE,MSE,RMSE,KGE,Alpha-NSE,Beta-KGE,Beta-NSE,Pearson-r,FHV,FMS,FLV,Peak-Timing,Peak-MAPE
64,168,1,1,64,"((0.5, 0.25), (0.01, 0.005, 0.001))",0.6235867738723755,184553.0,429.5963221444057,0.6107332724578415,0.6693444651369154,1.050559401512146,0.02350548955805037,0.8009039163589478,-48.53841,69.03471,-1084.6377,0.4,61.61768
32,168,1,1,64,"((0.5, 0.25), (0.01, 0.005, 0.001))",0.5915136337280273,200278.265625,447.52459778765234,0.5033099984742686,0.5472117246552219,0.9123570322990417,-0.04074598367275426,0.8156024813652039,-55.58784,-8.843243,-2447.1465,0.2,67.66442
