hidden_size,seq_length,num_layers,epochs,batch_size,schedule_pairs,NSE,MSE,RMSE,KGE,Alpha-NSE,Beta-KGE,Beta-NSE,Pearson-r,FHV,FMS,FLV,Peak-Timing,Peak-MAPE
64,168,1,1,64,"((0.5, 0.25), (0.01, 0.005, 0.001))",0.7266237735748291,134034.609375,366.10737410628593,0.6907950300313472,0.7703426577297274,0.8474142551422119,-0.07093844399107933,0.8600614070892334,-34.420956,10.370572,-1744.3417,0.0,39.34189
32,168,1,1,64,"((0.5, 0.25), (0.01, 0.005, 0.001))",0.7008980512619019,146647.75,382.9461450386986,0.7197501474525966,0.7795277031894832,0.9343603253364563,-0.0305164599574538,0.8399269580841064,-37.613297,64.47289,-1240.5808,0.0,46.369217
