hidden_size,seq_length,num_layers,epochs,output_dropout,NSE,MSE,RMSE,KGE,Alpha-NSE,Beta-KGE,Beta-NSE,Pearson-r,FHV,FMS,FLV,Peak-Timing,Peak-MAPE,model_type
128.0,168.0,1.0,32.0,0.4,0.7951139211654663,130018.796875,360.58119317984404,0.8814622728215918,0.9999382455357498,1.0601428747177124,0.02457708918570533,0.8978529316539215,3.7637464702129364,-6.893442429078147,-483.4620350028211,,46.55275344848633,no_physics
256.0,336.0,1.0,16.0,0.4,0.8317701667547226,106757.078125,326.7370167657775,0.7220049835034938,1.1008174574813618,1.250244140625,0.10226094892859836,0.9329556896765896,15.59910774230957,-30.405103013135527,-2900.651681474614,,42.362132825349505,physics
