hidden_size,seq_length_1D,seq_length_1H,num_layers,epochs,batch_size,learning_rate,output_dropout,NSE_1D,NSE_1H,model_type
64,120,336,1,32,128,"{0: 0.01, 16: 0.005, 24: 0.001}",0.4,0.8846783936023712,0.7679511606693268,no_physics
64,120,336,1,32,128,"{0: 0.01, 16: 0.005, 24: 0.001}",0.4,0.876826174557209,0.7847029566764832,physics
