hidden_size,seq_length,num_layers,epochs,output_dropout,NSE,MSE,RMSE,KGE,Alpha-NSE,Beta-KGE,Beta-NSE,Pearson-r,FHV,FMS,FLV,Peak-Timing,Peak-MAPE,model_type
128.0,90.0,1.0,16.0,0.4,0.8623031675815582,67515.3203125,259.837103417699,0.904264722826243,0.9376983923945627,1.0139888525009155,0.006502271643854638,0.9286693264365056,-2.458643913269043,-14.152239387096202,-2747.3114116625743,0.2,34.051527976989746,no_physics
64.0,180.0,2.0,16.0,0.4,0.8659602105617523,65722.203125,256.3634200212659,0.9101049328971605,1.0550183834793532,1.0348471403121948,0.016197605602042933,0.9380340627376214,7.677943259477615,22.332640193279357,-2552.311110469397,0.0,18.38777780532837,physics
