hidden_size,seq_length,num_layers,epochs,output_dropout,NSE,MSE,RMSE,KGE,Alpha-NSE,Beta-KGE,Beta-NSE,Pearson-r,FHV,FMS,FLV,Peak-Timing,Peak-MAPE,model_type
256.0,336.0,1.0,16.0,0.4,0.7410131692886353,56569.75,237.84396145372284,0.8544909376445164,0.9527101783635499,0.9711222648620605,-0.019566995181841285,0.8654539617436925,-7.035690546035767,-6.973208778082725,-1376.8635654252994,,51.03161334991455,no_physics
64.0,90.0,1.0,16.0,0.4,0.7480391561985016,55035.0859375,234.59557953529304,0.7861098279933862,0.8342044866572761,0.9868963360786438,-0.008878803209807344,0.8655040988420925,-19.03788596391678,-23.01946057842727,-1402.3891351734298,,47.82612323760986,physics
