hidden_size,seq_length_1D,seq_length_1H,num_layers,epochs,batch_size,schedule_pairs,NSE,MSE,RMSE,KGE,Alpha-NSE,Beta-KGE,Beta-NSE,Pearson-r,FHV,FMS,FLV,Peak-Timing,Peak-MAPE
64,90,168,1,1,64,"((0.5, 0.25), (0.01, 0.005, 0.001))",0.6969552040100098,66193.2109375,257.2804130467378,0.6989556935063501,0.7702389699112557,0.8874921202659607,-0.07623318561338083,0.8413194417953491,-20.816223,-16.013844,-1371.5579,,47.805237
32,90,168,1,1,64,"((0.5, 0.25), (0.01, 0.005, 0.001))",0.6616389751434326,73907.234375,271.8588500950447,0.6571546019853486,0.711352474677046,1.0485941171646118,0.032926435254702645,0.8214945793151855,-32.848305,-7.795452,-1393.2279,,51.79132
