hidden_size,seq_length,num_layers,epochs,batch_size,schedule_pairs,NSE,MSE,RMSE,KGE,Alpha-NSE,Beta-KGE,Beta-NSE,Pearson-r,FHV,FMS,FLV,Peak-Timing,Peak-MAPE
32,168,1,1,64,"((0.5, 0.25), (0.01, 0.005, 0.001))",0.53663569688797,79379.9765625,281.74452357144406,0.41962568077229345,0.49544240313272575,0.7780132293701172,-0.169832510361191,0.8184019327163696,-60.257442,-13.676257,-141.72943,0.4,74.41274
64,168,1,1,64,"((0.5, 0.25), (0.01, 0.005, 0.001))",0.5004347562789917,85581.6328125,292.5433862053627,0.33024990431541357,0.47338702006911637,0.6110177040100098,-0.2975936083193304,0.8588024973869324,-58.30844,7.7634864,-13.540657,0.4,73.360504
