hidden_size,seq_length,num_layers,epochs,output_dropout,NSE,MSE,RMSE,KGE,Alpha-NSE,Beta-KGE,Beta-NSE,Pearson-r,FHV,FMS,FLV,Peak-Timing,Peak-MAPE,model_type
256.0,336.0,1.0,32.0,0.4,0.7588882297277451,52665.35546875,229.4893362854797,0.834285585761838,0.9060822103717742,0.9513927698135376,-0.032935315690345475,0.8724145264881392,-10.60754880309105,-21.87166367954837,-1393.530685639118,,48.639410734176636,no_physics
128.0,168.0,1.0,16.0,0.4,0.7474102675914764,55172.44921875,234.8881632154971,0.8273404351534529,0.8927338708434663,0.991115927696228,-0.006019694716741528,0.8649949033255626,-12.829115986824036,-15.627666873474316,-1383.7333899652172,,40.81386625766754,physics
