hidden_size,seq_length,num_layers,epochs,batch_size,schedule_pairs,NSE,MSE,RMSE,KGE,Alpha-NSE,Beta-KGE,Beta-NSE,Pearson-r,FHV,FMS,FLV,Peak-Timing,Peak-MAPE
64,168,1,1,64,"((0.5, 0.25), (0.01, 0.005, 0.001))",0.7485527992248535,43075.98046875,207.54753785277722,0.6701551004062506,0.7008121581138761,0.9189927577972412,-0.061975147887983376,0.8872076272964478,-34.226505,-25.505209,58.50348,0.6,53.669403
32,168,1,1,64,"((0.5, 0.25), (0.01, 0.005, 0.001))",0.6834307312965393,54232.19140625,232.87806123860187,0.5941565519192032,0.6309755556260106,0.903497576713562,-0.07382985453411323,0.8613740801811218,-45.410378,-18.478355,2.6628468,0.6,67.2408
