hidden_size,seq_length_1D,seq_length_1H,num_layers,epochs,batch_size,learning_rate,output_dropout,NSE_1D,NSE_1H,model_type
256,90,336,1,16,64,"{0: 0.01, 8: 0.005, 12: 0.001}",0.4,0.8137855529785156,0.7648520916700363,no_physics
64,90,168,1,32,64,"{0: 0.01, 16: 0.005, 24: 0.001}",0.4,0.8455449789762497,0.7515447586774826,physics
