hidden_size,seq_length,num_layers,epochs,batch_size,learning_rate,output_dropout,NSE,MSE,RMSE,KGE,Alpha-NSE,Beta-KGE,Beta-NSE,Pearson-r,FHV,FMS,FLV,Peak-Timing,Peak-MAPE,model_type
256,90,1,32,256,"{0: 0.01, 16: 0.005, 24: 0.001}",0.4,0.804975762963295,33410.0390625,182.78413241444127,0.8391155913291045,0.8785961867277954,1.025763750076294,0.01971077880912478,0.8976225793528786,-12.783999741077423,-23.736067423075774,-5.663469749915672,0.4,41.90603256225586,no_physics
256,120,1,16,64,"{0: 0.01, 8: 0.005, 12: 0.001}",0.4,0.8469734936952591,26215.3125,161.91143412372085,0.8668328583097902,0.9026873106469763,0.9547680616378784,-0.034605013924290495,0.9211469729888093,-8.93850103020668,-11.406188484489084,21.948886916246625,0.2,32.73711442947388,physics
