hidden_size,seq_length,num_layers,epochs,output_dropout,NSE,MSE,RMSE,KGE,Alpha-NSE,Beta-KGE,Beta-NSE,Pearson-r,FHV,FMS,FLV,Peak-Timing,Peak-MAPE,model_type
256.0,180.0,2.0,32.0,0.4,0.8021079003810883,33900.9453125,184.12209349369238,0.7634473435543009,0.7904264934170954,0.9475887417793274,-0.040098347258193404,0.9036196875820162,-19.993984699249268,-13.87316453587549,39.30711675867725,0.4,47.19564914703369,no_physics
128.0,90.0,1.0,16.0,0.4,0.8470835238695145,26196.1640625,161.8522908781337,0.8778497559811,0.9085650092158158,1.0156313180923462,0.011959104457759209,0.9205268191849045,-8.857471495866776,-4.806873150270928,57.105040652342765,0.2,38.429694175720215,physics
