hidden_size,seq_length,num_layers,epochs,output_dropout,NSE,MSE,RMSE,KGE,Alpha-NSE,Beta-KGE,Beta-NSE,Pearson-r,FHV,FMS,FLV,Peak-Timing,Peak-MAPE,model_type
256.0,180.0,1.0,16.0,0.4,0.8007523864507675,34133.16015625,184.75161746585604,0.7749563724306815,0.8156971762103215,0.9168789982795715,-0.06359347951720598,0.9011667944175574,-20.874124765396118,-6.371717460730142,64.25026723749632,0.4,48.12704563140869,no_physics
256.0,90.0,2.0,16.0,0.4,0.8560932874679565,24652.697265625,157.01177428978056,0.8883448058015955,0.9188414659952691,1.017641544342041,0.013497015385155332,0.9253745977370027,-7.534190267324448,-4.685742735497966,67.7909581707102,0.2,36.122093200683594,physics
