hidden_size,seq_length,num_layers,epochs,fixed_dropout,NSE,MSE,RMSE,KGE,Alpha-NSE,Beta-KGE,Beta-NSE,Pearson-r,FHV,FMS,FLV,Peak-Timing,Peak-MAPE,PBIAS,model_type
1.0,1.0,1.0,1.0,0.4,0.1969119906425476,175416.21875,418.827194377347,0.11202683019436632,0.2612302413571813,1.0351309776306152,0.02380407303792651,0.508592426776886,-73.30007934570312,-65.04955291748047,65.32471466064453,,77.16017150878906,-3.5130982398986816,no_physics
1.0,1.0,1.0,1.0,0.4,-0.08568799495697021,166288.71875,407.7851379709663,-0.4970958862945971,0.09027524728912048,0.7157155275344849,-0.22280607250736675,-0.1545039713382721,-86.192138671875,-86.69074249267578,70.99462890625,1.25,92.26446533203125,1.1472176313400269,physics
