hidden_size,seq_length,epochs,NSE,MSE,RMSE,KGE,Alpha-NSE,Beta-KGE,Beta-NSE,Pearson-r,FHV,FMS,FLV,Peak-Timing,Peak-MAPE
3,1,1,0.20303601026535034,136529.6875,369.4992388354812,0.11027296055582225,0.17550452972616667,1.2096108198165894,0.16036425088644313,0.7394530177116394,-75.15607,-81.59886,91.57174,0.8,79.6372
4,1,1,0.147824227809906,145988.140625,382.0839444742477,0.05498953373688109,0.19996337362296251,0.7343141436576843,-0.20326481663217238,0.5729201436042786,-83.92914,-49.7319,60.725094,0.0,86.68648
4,1,1,0.12764066457748413,149445.828125,386.5822397951049,0.04984986560849913,0.11674246624732813,1.2239145040512085,0.1713073349343011,0.7307348847389221,-79.514015,-84.36205,91.73988,0.2,82.72627
2,1,1,0.11491572856903076,151625.765625,389.39153255431734,-0.010755397838059899,0.1702496123539461,1.0153073072433472,0.011711002954441727,0.42301949858665466,-83.50326,-68.68906,76.30442,1.8,87.22329
3,1,1,0.058165013790130615,161347.859375,401.68129079532696,-0.046663117658857,0.1950817429952745,1.3486809730529785,0.26676079786884993,0.42900800704956055,-77.72499,-73.341225,83.574905,0.6,81.60658
1,1,1,0.05788320302963257,161396.140625,401.7413852530008,-0.11676883734086618,0.1006462703030312,0.9951789379119873,-0.00368837017599094,0.33794844150543213,-85.95842,-85.91375,84.71266,0.4,87.73533
1,1,1,0.03936797380447388,164568.015625,405.66983573467724,-0.04512988763538073,0.03494582862984539,1.050337791442871,0.03851126219619646,0.6019635200500488,-85.093155,-98.701965,80.1559,0.4,87.68853
2,1,1,-0.07970798015594482,184967.1875,430.078117904178,-0.14620268977846917,0.08429150540861176,1.535856008529663,0.4099603100578575,0.5662755370140076,-76.25023,-94.50135,90.49888,1.2,81.765434
