hidden_size,seq_length_1D,seq_length_1H,num_layers,epochs,batch_size,schedule_pairs,NSE,MSE,RMSE,KGE,Alpha-NSE,Beta-KGE,Beta-NSE,Pearson-r,FHV,FMS,FLV,Peak-Timing,Peak-MAPE
64,90,168,1,1,64,"((0.5, 0.25), (0.01, 0.005, 0.001))",0.5861279964447021,90400.8828125,300.6673956592234,0.5850869023831825,0.66711974301064,0.8925882577896118,-0.07278013268937986,0.7768266797065735,-35.299282,-35.963833,-49.672344,,55.72545
32,90,168,1,1,64,"((0.5, 0.25), (0.01, 0.005, 0.001))",0.5698010921478271,93967.109375,306.54055094717893,0.7347436523080442,0.8917039362008609,1.0637497901916504,0.043195614318501004,0.7664002180099487,-23.319225,12.812135,-1363.5295,,42.838776
