hidden_size,seq_length,epochs,NSE,MSE,RMSE,KGE,Alpha-NSE,Beta-KGE,Beta-NSE,Pearson-r,FHV,FMS,FLV,Peak-Timing,Peak-MAPE
4,1,1,0.17902898788452148,140642.375,375.0231659511183,0.08107394016884684,0.19091711931977795,1.0030789375305176,0.002355590324295509,0.5643389821052551,-80.09268,-68.31358,66.923004,1.4,83.952644
3,1,1,0.01446986198425293,168833.375,410.8933864155032,-0.09685191842482466,0.07684548461470968,1.3081045150756836,0.2357174825236698,0.4940934181213379,-80.93026,-91.7304,84.68749,0.6,83.26903
4,1,1,-0.0065087080001831055,172427.25,415.24360320178323,-0.11891044508866822,0.0494991015754319,0.6998482346534729,-0.22963319061273513,0.49165216088294983,-89.67663,-87.4468,87.49779,0.4,91.04821
1,1,1,-0.0066988468170166016,172459.828125,415.28282907555905,-0.13444438480321952,0.11436637842365383,0.6168944239616394,-0.2930975776822047,0.4034706652164459,-87.11157,-70.30645,29.881329,0.4,88.954315
1,1,1,-0.046486616134643555,179275.96875,423.4099299142617,-0.5190437689038878,0.0586142768769774,0.8042919039726257,-0.14972785514313963,-0.17600393295288086,-87.34526,-90.005775,88.22817,1.2,91.28694
3,1,1,-0.0518265962600708,180190.765625,424.48882862214407,-0.2202293581109609,0.08694225419406118,1.4057244062423706,0.3104022597387085,0.29951947927474976,-79.97179,-90.22178,79.79942,1.6,84.78501
2,1,1,-0.1492685079574585,196883.75,443.71584375588844,-0.5985874824530395,0.09542018214756283,0.6057268977165222,-0.30164134832255984,-0.25768283009529114,-88.93644,-73.88672,82.57736,1.4,93.94039
2,1,1,-0.29088401794433594,221144.21875,470.2597354122507,-0.33514289472254877,0.16865571058120732,1.797206997871399,0.6099086976493497,0.324770987033844,-72.72711,-82.601395,85.73283,1.2,80.67337
