hidden_size,seq_length,num_layers,epochs,fixed_dropout,NSE,MSE,RMSE,KGE,Alpha-NSE,Beta-KGE,Beta-NSE,Pearson-r,FHV,FMS,FLV,Peak-Timing,Peak-MAPE,PBIAS,model_type
4.0,1.0,1.0,1.0,0.4,0.2502068877220154,163775.171875,404.6914526833993,0.21958001533962657,0.3875280419344619,1.0239821672439575,0.01624982598263979,0.5169282555580139,-62.54393005371094,-42.086090087890625,48.58348846435547,,75.04306030273438,-2.3982083797454834,no_physics
4.0,1.0,1.0,1.0,0.4,0.2347162961959839,117214.203125,342.36559862959365,0.14072105898698462,0.19800569378467625,1.0489989519119263,0.038402596224828466,0.6954272985458374,-76.70467376708984,-73.18016052246094,94.26622009277344,0.75,82.19246673583984,-0.19773274660110474,physics
