hidden_size,seq_length,epochs,NSE,MSE,RMSE,KGE,Alpha-NSE,Beta-KGE,Beta-NSE,Pearson-r,FHV,FMS,FLV,Peak-Timing,Peak-MAPE,model_type
4.0,1.0,1.0,0.17902898788452148,140642.375,375.0231659511183,0.08107394016884684,0.19091711931977795,1.0030789375305176,0.002355590324295509,0.5643389821052551,-80.09268188476562,-68.31358337402344,66.92300415039062,1.4,83.95264434814453,no_physics
3.0,1.0,1.0,0.20303601026535034,136529.6875,369.4992388354812,0.11027296055582225,0.17550452972616667,1.2096108198165894,0.16036425088644313,0.7394530177116394,-75.15606689453125,-81.59886169433594,91.57173919677734,0.8,79.63719940185547,physics
