hidden_size,seq_length_1D,seq_length_1H,num_layers,epochs,batch_size,schedule_pairs,NSE,MSE,RMSE,KGE,Alpha-NSE,Beta-KGE,Beta-NSE,Pearson-r,FHV,FMS,FLV,Peak-Timing,Peak-MAPE,model_type
64,90,168,1,1,64,"((0.5, 0.25), (0.01, 0.005, 0.001))",0.5861279964447021,90400.8828125,300.6673956592234,0.5850869023831825,0.66711974301064,0.8925882577896118,-0.07278013268937986,0.7768266797065735,-35.29928207397461,-35.96383285522461,-49.67234420776367,,55.72544860839844,no_physics
64,90,168,1,1,64,"((0.5, 0.25), (0.01, 0.005, 0.001))",0.6969552040100098,66193.2109375,257.2804130467378,0.6989556935063501,0.7702389699112557,0.8874921202659607,-0.07623318561338083,0.8413194417953491,-20.81622314453125,-16.013843536376953,-1371.557861328125,,47.80523681640625,physics
