hidden_size,seq_length,num_layers,epochs,output_dropout,avg NSE,avg MSE,avg RMSE,avg KGE,avg Alpha-NSE,avg Beta-KGE,avg Beta-NSE,avg Pearson-r,avg FHV,avg FMS,avg FLV,avg Peak-Timing,avg Peak-MAPE,model_type
256.0,90.0,1.0,16.0,0.4,0.588846243917942,14061213.0625,3298.559586771816,0.658531963404862,0.9965225905179977,0.9450849145650864,-0.01968474150635302,0.8120700224391793,-24.954921007156372,562.69626233165,-650.6772509376235,0.75,51.402244716882706,no_physics
128.0,90.0,2.0,32.0,0.4,0.7601617313921452,8351742.21875,2528.459795468332,0.7465176729106782,0.9956472367048264,1.0914515107870102,0.03567766770720482,0.9016553073029452,-13.149982504546642,69.77816962298317,-627.3406967165913,0.375,35.6563251465559,physics
