hidden_size,seq_length_1D,seq_length_1H,num_layers,epochs,batch_size,learning_rate,output_dropout,NSE_1D,NSE_1H,model_type
256,90,168,1,48,64,"{0: 0.01, 24: 0.005, 36: 0.001}",0.4,0.8135811239480972,0.7945550382137299,no_physics
128,90,168,1,48,64,"{0: 0.01, 24: 0.005, 36: 0.001}",0.4,0.8731662631034851,0.8824298456311226,physics
