hidden_size,seq_length,num_layers,epochs,output_dropout,NSE,MSE,RMSE,KGE,Alpha-NSE,Beta-KGE,Beta-NSE,Pearson-r,FHV,FMS,FLV,Peak-Timing,Peak-MAPE,PBIAS,model_type
128,90,1,32,0.4,0.72541523,6797530,2607.207318,0.806456322,0.914002362,0.904948294,-0.045877373,0.854987122,-13.71384859,95.80046103,-54.38896481,1.2,49.13615227,9.505175799,no_physics
256,90,1,32,0.4,0.827638656,4266920.5,2065.65256,0.912234496,0.995397081,0.986166358,-0.006676897,0.913453902,0.707437331,36.17969658,-617.4432686,0.2,27.72618294,1.383369975,physics
