hidden_size,seq_length,num_layers,epochs,batch_size,learning_rate,output_dropout,NSE,MSE,RMSE,KGE,Alpha-NSE,Beta-KGE,Beta-NSE,Pearson-r,FHV,FMS,FLV,Peak-Timing,Peak-MAPE,model_type
256,90,1,48,64,"{0: 0.01, 24: 0.005, 36: 0.001}",0.4,0.8143985718488693,4594695.5,2143.524084306029,0.8800515025487712,0.9617597753685384,0.9379509091377258,-0.02994829362484968,0.9047359585987029,-1.7791375517845154,33.30430958051075,-921.1989416321112,0.6,38.665428161621094,no_physics
64,90,1,48,64,"{0: 0.01, 24: 0.005, 36: 0.001}",0.4,0.8714571446180344,3182170.0,1783.863784037335,0.9156312714388186,0.9828737352851064,0.9489267468452454,-0.024650765085164193,0.935066986608228,0.6562803871929646,17.525634269390945,-1043.2544529299644,0.0,23.811955451965332,physics
