hidden_size,seq_length,num_layers,epochs,batch_size,learning_rate,output_dropout,NSE,MSE,RMSE,KGE,Alpha-NSE,Beta-KGE,Beta-NSE,Pearson-r,FHV,FMS,FLV,Peak-Timing,Peak-MAPE,model_type
128,336,1,48,64,"{0: 0.01, 24: 0.005, 36: 0.001}",0.4,0.8805354088544846,3106373.0,1762.4905673506455,0.852026794400971,0.882395755192778,0.9325411915779114,-0.0317679240589188,0.9407157664733071,-12.05989345908165,-3.7438793813695144,-2879.25612834652,,32.85324176152547,no_physics
64,336,1,16,64,"{0: 0.01, 8: 0.005, 12: 0.001}",0.4,0.9109318628907204,2315990.5,1521.8378691568955,0.9414867858512499,1.0384205918959741,1.013053059577942,0.006146982540116328,0.9578422962670499,4.647832363843918,-2.6812026810716603,-2515.972188939204,,19.391282399495445,physics
