hidden_size,seq_length,epochs,NSE,MSE,RMSE,KGE,Alpha-NSE,Beta-KGE,Beta-NSE,Pearson-r,FHV,FMS,FLV,Peak-Timing,Peak-MAPE
2,1,1,-0.0016266107559204102,24795980.0,4979.556205125112,-0.27796301681410074,0.11048298718155308,1.263464331626892,0.12716237320956567,0.12106001377105713,-84.323006,-95.08967,-30.898111,2.4,85.445854
4,1,1,-0.06769049167633057,26431440.0,5141.151621961757,-0.333325933299071,0.10792384644478435,1.7608298063278198,0.3672183073227996,0.3651014566421509,-80.59531,-93.475815,4.4548063,0.2,76.03796
3,1,1,-0.09043920040130615,26994598.0,5195.63258901166,-0.4302823911343221,0.26157831531506953,2.1294984817504883,0.5451580916924554,0.5260018110275269,-67.05152,-89.914185,35.19351,2.0,69.57338
1,1,1,-1.2782702445983887,56400200.0,7510.006657786663,-1.7212012507118444,0.1771944100038411,-1.171567678451538,-1.0481179008986004,-0.4185277223587036,-101.792595,-99.99996,100.0,1.0,117.812325
