hidden_size,seq_length,num_layers,epochs,output_dropout,NSE,MSE,RMSE,KGE,Alpha-NSE,Beta-KGE,Beta-NSE,Pearson-r,FHV,FMS,FLV,Peak-Timing,Peak-MAPE,model_type
256.0,168.0,1.0,32.0,0.4,0.8492649346590042,3919482.0,1979.768168245969,0.9210667600031578,1.0304417569466375,1.0044753551483154,0.0021075327670858146,0.9273107504049094,3.414756804704666,-7.682486083391016,-2878.9888261189835,,26.715433597564697,no_physics
64.0,168.0,1.0,16.0,0.4,0.9155710861086845,2195359.25,1481.6744750450418,0.948646292831781,1.031659768114421,1.000038981437683,1.8337196433218996e-05,0.9595665880328188,4.287881776690483,32.72238891461393,-586.6285036459867,,23.716564973195396,physics
