hidden_size,seq_length,num_layers,epochs,output_dropout,NSE,MSE,RMSE,KGE,Alpha-NSE,Beta-KGE,Beta-NSE,Pearson-r,FHV,FMS,FLV,Peak-Timing,Peak-MAPE,model_type
128.0,90.0,2.0,32.0,0.4,0.7142668664455414,7073515.5,2659.6081478293,0.8157598004801385,0.9089377083325564,0.9504439234733582,-0.02391858437788707,0.8476966663704388,-13.148579001426697,57.336452505270984,-284.9789030602766,1.2,47.8704833984375,no_physics
128.0,180.0,1.0,32.0,0.4,0.7893366515636444,5215112.5,2283.6620809568126,0.8405628705176422,0.8868675831745313,1.0135161876678467,0.006523656215142969,0.8884716753836495,-14.028705656528473,-18.415230372543,-2413.7524871004275,0.2,38.11705827713013,physics
