hidden_size,seq_length,epochs,NSE,MSE,RMSE,KGE,Alpha-NSE,Beta-KGE,Beta-NSE,Pearson-r,FHV,FMS,FLV,Peak-Timing,Peak-MAPE
1,1,1,-0.05130612850189209,26025830.0,5101.551724720626,-0.42398458649661164,0.09712543742074217,0.6039841175079346,-0.19113902702749383,-0.027482904493808746,-89.87201,-84.59866,-3374.1692,1.4,93.048904
4,1,1,-0.0660473108291626,26390760.0,5137.193786494724,-0.3273132756271264,0.18756012112449982,0.2367023229598999,-0.3684094440681439,0.2795289158821106,-90.57308,738.72144,100.0,1.2,96.06503
2,1,1,-0.1884603500366211,29421182.0,5424.129607596043,-0.6542595020576842,0.10487187441301861,1.7973356246948242,0.3848380044212641,-0.1399894803762436,-80.86337,-97.66542,8.229284,1.6,81.044495
3,1,1,-0.33607017993927,33075368.0,5751.118847667817,-0.6997660732965976,0.20697260782940194,-0.2912111282348633,-0.6232095166109478,0.2298792004585266,-94.551254,679.6491,100.0,1.0,99.80639
