hidden_size,seq_length,num_layers,epochs,output_dropout,NSE,MSE,RMSE,KGE,Alpha-NSE,Beta-KGE,Beta-NSE,Pearson-r,FHV,FMS,FLV,Peak-Timing,Peak-MAPE,model_type
128,336,1,16,0.4,0.859266222,3659424.25,1912.962166,0.921021606,1.017059913,0.965394795,-0.016296405,0.931086824,1.852069236,-7.564366196,-2639.958275,,28.45582763,no_physics
64,336,1,32,0.4,0.902947128,2523613.25,1588.588446,0.931338311,1.022998579,1.044497371,0.020954867,0.953037494,3.725335747,-10.57209393,-2626.942098,,24.2963473,physics
