hidden_size,seq_length,num_layers,epochs,output_dropout,NSE,MSE,RMSE,KGE,Alpha-NSE,Beta-KGE,Beta-NSE,Pearson-r,FHV,FMS,FLV,Peak-Timing,Peak-MAPE,model_type
128,336,1,16,0.4,0.8592662215232850,3659424.25,1912.96216637967,0.9210216064399140,1.0170599125521600,0.9653947949409490,-0.0162964053158144,0.9310868240764840,1.8520692363381400,-7.564366195625140,-2639.958274626930,,28.455827633539800,non_physics
64,336,1,32,0.4,0.9029471278190610,2523613.25,1588.5884457593200,0.9313383105258490,1.0229985787954600,1.0444973707199100,0.020954867132409100,0.9530374939568940,3.7253357470035600,-10.572093931346400,-2626.9420976350400,,24.296347300211600,physics