hidden_size,seq_length,num_layers,epochs,output_dropout,NSE,MSE,RMSE,KGE,Alpha-NSE,Beta-KGE,Beta-NSE,Pearson-r,FHV,FMS,FLV,Peak-Timing,Peak-MAPE,model_type
256.0,90.0,2.0,32.0,0.4,0.7209930419921875,6907004.5,2628.1180529040166,0.8376664810041821,0.9332634140012824,0.9835071563720703,-0.00796038170577393,0.8529408772368541,-12.746092677116394,27.255260015268206,-835.9730572024021,1.2,40.72504997253418,no_physics
128.0,90.0,2.0,32.0,0.4,0.8218628913164139,4409903.5,2099.977023683831,0.8973621524078066,0.9660788522840108,0.9681305289268494,-0.015382040421054781,0.9085220228169316,-3.639492020010948,4.465598336741369,-1328.0274153163095,0.2,25.58541536331177,physics
