hidden_size,seq_length,num_layers,epochs,output_dropout,avg NSE,avg MSE,avg RMSE,avg KGE,avg Alpha-NSE,avg Beta-KGE,avg Beta-NSE,avg Pearson-r,avg FHV,avg FMS,avg FLV,avg Peak-Timing,avg Peak-MAPE,model_type
128.0,90.0,2.0,32.0,0.4,0.7495037131011486,400824.556640625,589.9375097455032,0.7403855545841884,0.8621042817831039,1.0859998911619186,0.045427719596773386,0.8812285650771536,-19.463368132710457,11.204875824999721,-5182.850244979809,0.125,39.04263265430927,no_physics
128.0,90.0,2.0,32.0,0.4,0.8529451731592417,225754.552734375,445.04461275792846,0.7880080043232077,0.8776620477437973,1.0991018414497375,0.056103409093338996,0.9344585645685684,-15.558207780122757,5.0750668664832395,-6010.090519605964,0.5,25.139622401911765,physics
