hidden_size,seq_length,num_layers,epochs,output_dropout,NSE,MSE,RMSE,KGE,Alpha-NSE,Beta-KGE,Beta-NSE,Pearson-r,FHV,FMS,FLV,Peak-Timing,Peak-MAPE,model_type
256.0,180.0,1.0,32.0,0.4,0.8320359587669373,322838.90625,568.1891465436488,0.7631014564320715,0.7775345174773207,0.9708362817764282,-0.015875177969392345,0.9239769339612423,-21.32323384284973,14.106166853917632,-0.5877364277976378,0.8,46.49947643280029,no_physics
256.0,180.0,2.0,32.0,0.4,0.8812484815716743,228248.921875,477.75403909857215,0.808808938765071,0.8226502096891072,0.9517285227775574,-0.026276426858872142,0.9473602976871647,-16.948990523815155,3.9837464190628946,80.82423833740775,0.0,33.90727758407593,physics
