hidden_size,seq_length_1D,seq_length_1H,num_layers,epochs,batch_size,schedule_pairs,NSE,MSE,RMSE,KGE,Alpha-NSE,Beta-KGE,Beta-NSE,Pearson-r,FHV,FMS,FLV,Peak-Timing,Peak-MAPE,model_type
64,90,168,1,1,64,"((0.5, 0.25), (0.01, 0.005, 0.001))",0.6759872436523438,700817.625,837.1485083305112,0.6592041465531068,0.7035563490260486,0.9895820617675781,-0.005346255993948095,0.8322071433067322,-35.709754943847656,-45.975074768066406,-4.274826526641846,,46.601890563964844,no_physics
64,90,168,1,1,64,"((0.5, 0.25), (0.01, 0.005, 0.001))",0.8005717396736145,431349.8125,656.7722683700949,0.7742854952897373,0.8561024992411463,1.141340732574463,0.07253292453869291,0.8986918330192566,-18.660133361816406,-10.772873878479004,-0.9360182285308838,,35.13111114501953,physics
