hidden_size,seq_length_1D,seq_length_1H,num_layers,epochs,batch_size,learning_rate,output_dropout,NSE_1D,NSE_1H,model_type
256,120,336,1,48,64,"{0: 0.01, 24: 0.005, 36: 0.001}",0.4,0.8631874024868011,0.783407524228096,no_physics
128,120,336,1,32,64,"{0: 0.01, 16: 0.005, 24: 0.001}",0.4,0.8929806426167488,0.8617824912071228,physics
