hidden_size,seq_length,num_layers,epochs,output_dropout,NSE,MSE,RMSE,KGE,Alpha-NSE,Beta-KGE,Beta-NSE,Pearson-r,FHV,FMS,FLV,Peak-Timing,Peak-MAPE,model_type
256,336,1,32,0.4,0.866378396749497,289014.4375,537.600630114958,0.856607713477127,0.880880348299939,1.04257845878601,0.021850296531883,0.932480141732066,-13.6610954999924,-12.9209945746095,-3.66409274642607,,37.637870652335,no_physics
64,90,1,16,0.4,0.854055002331734,315669.125,561.844395718245,0.850638748933536,0.894010894624867,0.925698399543762,-0.0381299419909534,0.925472387455656,-12.5442251563072,0.512115209171675,-1.80646537471703,,37.9878146307809,physics