hidden_size,seq_length,num_layers,epochs,output_dropout,NSE,MSE,RMSE,KGE,Alpha-NSE,Beta-KGE,Beta-NSE,Pearson-r,FHV,FMS,FLV,Peak-Timing,Peak-MAPE,model_type
128.0,180.0,2.0,32.0,0.4,0.8193872720003128,347150.53125,589.1948160413498,0.7259623758061271,0.7513809192157637,1.0852038860321045,0.04638043054284957,0.9223760993710581,-23.34553152322769,-16.07189223580534,-3.762890240932023,0.4,46.612548828125,no_physics
128.0,90.0,1.0,32.0,0.4,0.8845132514834404,221973.765625,471.14091907305186,0.8827437004438977,0.9080476064272375,1.0430821180343628,0.023451633268147594,0.9413678568743782,-9.673672169446945,9.26346684527916,,0.0,24.867138862609863,physics
