hidden_size,seq_length_1D,seq_length_1H,num_layers,epochs,batch_size,schedule_pairs,NSE,MSE,RMSE,KGE,Alpha-NSE,Beta-KGE,Beta-NSE,Pearson-r,FHV,FMS,FLV,Peak-Timing,Peak-MAPE
64,90,168,1,1,64,"((0.5, 0.25), (0.01, 0.005, 0.001))",0.8005717396736145,431349.8125,656.7722683700949,0.7742854952897373,0.8561024992411463,1.141340732574463,0.07253292453869291,0.8986918330192566,-18.660133,-10.772874,-0.9360182,,35.13111
32,90,168,1,1,64,"((0.5, 0.25), (0.01, 0.005, 0.001))",0.7378425598144531,567028.75,753.0131140956312,0.7279220631742243,0.7644532265163938,0.9831374287605286,-0.008653505123808318,0.8648712635040283,-35.89742,-2.0110369,2.036028,,38.768883
