hidden_size,seq_length_1D,seq_length_1H,num_layers,epochs,batch_size,schedule_pairs,NSE,MSE,RMSE,KGE,Alpha-NSE,Beta-KGE,Beta-NSE,Pearson-r,FHV,FMS,FLV,Peak-Timing,Peak-MAPE
64,90,168,1,1,64,"((0.5, 0.25), (0.01, 0.005, 0.001))",0.6759872436523438,700817.625,837.1485083305112,0.6592041465531068,0.7035563490260486,0.9895820617675781,-0.005346255993948095,0.8322071433067322,-35.709755,-45.975075,-4.2748265,,46.60189
32,90,168,1,1,64,"((0.5, 0.25), (0.01, 0.005, 0.001))",0.6289325952529907,802593.5625,895.875863331522,0.6051007935643951,0.6889594238007559,0.8545383810997009,-0.07464767151649636,0.8049613833427429,-42.14703,-12.084572,4.0358357,,54.44922
