hidden_size,seq_length,num_layers,epochs,output_dropout,NSE,MSE,RMSE,KGE,Alpha-NSE,Beta-KGE,Beta-NSE,Pearson-r,FHV,FMS,FLV,Peak-Timing,Peak-MAPE,model_type
64,336,1,32,0.4,0.835812524,355126.3438,595.9247803,0.812624569,0.83457803,0.967547715,-0.016653778,0.918195518,-17.77959317,-7.947648651,-2.772709335,,37.68355165,no_physics
128,168,1,16,0.4,0.863696158,294815.9375,542.9695549,0.918939791,1.016957404,1.0429281,0.022029751,0.933363807,-0.414564926,12.60998648,-1.784366634,,29.86518996,physics
